URL,Last crawled,Status
https://ark-fid.ch/pt/legal/privacy,2026-02-14,Pending
https://ark-fid.ch/es/ressources,2026-02-13,Pending
https://ark-fid.ch/fr/services/odoo,2026-02-13,Pending
https://ark-fid.ch/fr/team/samuel-halff,2026-02-13,Pending
https://ark-fid.ch/fr/team/hassan-barbir,2026-02-12,Pending
https://ark-fid.ch/en/ressources/articles/outsourcing-administratif-pme-geneve-solutions-avantages-2025,2026-02-10,Pending
https://ark-fid.ch/fr/about,2026-02-10,Pending
https://ark-fid.ch/en/services/outsourcing,2026-02-09,Pending
https://ark-fid.ch/fr/ressources/articles/anticiper-tva-geneve-fin-2025-preparer-2026,2026-02-09,Pending
https://ark-fid.ch/pt/legal/terms,2026-02-08,Pending
https://ark-fid.ch/en/ressources/articles/cotisations-lpp-geneve-2025-changements-impacts-pme,2026-02-08,Pending
https://ark-fid.ch/en/ressources,2026-02-07,Pending
https://ark-fid.ch/en/ressources/articles/teletravail-frontaliers-2025-paie-geneve,2026-02-06,Pending
https://ark-fid.ch/es/ressources/articles/fiscalite-cryptomonnaies-suisse-2025,2026-02-06,Pending
https://ark-fid.ch/en,2026-02-06,Pending
https://ark-fid.ch/en/ressources/articles/regles-pv-assemblee-generale-suisse-2026-guide-pratique-pme-independants,2026-02-05,Pending
https://ark-fid.ch/en/team/sixtine-dumas,2026-02-04,Pending
https://ark-fid.ch/fr/ressources/articles/odoo-18-nouveautes-comptabilite-fiduciaire-geneve,2026-02-04,Pending
https://ark-fid.ch/fr,2026-02-03,Pending
https://ark-fid.ch/?q=%7Bsearch_term_string%7D,2026-02-03,Pending
https://ark-fid.ch/de/ressources/articles/declarations-fiscales-independants-pme-erreurs-recurrentes-et-optimisations-geneve-vaud-2026-guide-pratique,2026-02-03,Pending
https://ark-fid.ch/pt/ressources/articles/declarations-fiscales-pme-geneve-vaud-2025-erreurs-pieges-conseils,2026-02-03,Pending
https://ark-fid.ch/pt/ressources/articles/constitution-societe-geneve-etapes-actualisees-2025-solutions-pme-independants,2026-01-31,Pending
https://ark-fid.ch/,2026-01-31,Pending
https://ark-fid.ch/fr/team,2026-01-29,Pending
https://ark-fid.ch/fr/ressources/articles/preparer-pme-independants-tva-2026,2026-01-29,Pending
https://ark-fid.ch/fr/ressources/articles/proces-verbal-assemblee-generale-obligations-redaction-suisse-2025,2026-01-29,Pending
https://ark-fid.ch/about,2026-01-29,Pending
https://ark-fid.ch/about/,2026-01-29,Pending
https://ark-fid.ch/fr/contact,2026-01-29,Pending
https://ark-fid.ch/de/ressources/articles/controle-interne-pme-geneve-2025-piloter-risques-automatise,2026-01-28,Pending
https://ark-fid.ch/fr/ressources/articles/optimiser-les-charges-sociales-en-suisse-romande-2026-erreurs-frequentes-pour-pme-independants,2026-01-27,Pending
https://ark-fid.ch/pt/ressources/articles/nouveautes-et-regles-concretes-cotisations-sociales-et-certificats-de-salaire-2026-pme-independants-suisse-romande,2026-01-26,Pending
https://ark-fid.ch/pt/ressources/articles/gestion-paie-geneve-pme-obligations-defis-solutions-2025,2026-01-25,Pending
https://ark-fid.ch/fr/ressources/articles/houle-ai,2026-01-22,Pending
https://ark-fid.ch/en/ressources/articles/constitution-societe-geneve-etapes-actualisees-2025-solutions-pme-independants,2026-01-22,Pending
https://ark-fid.ch/de/ressources/articles/digitalisation-comptabilite-obligations-pme-geneve-conformite-2025,2026-01-21,Pending
https://ark-fid.ch/services/fiscalite,2026-01-18,Pending
https://ark-fid.ch/services/fiscalite/,2026-01-18,Pending
https://ark-fid.ch/pt/ressources/articles/controle-interne-pme-geneve-2025-piloter-risques-automatise,2026-01-15,Pending
https://ark-fid.ch/legal/terms,2026-01-14,Pending
https://ark-fid.ch/legal/terms/,2026-01-14,Pending
https://ark-fid.ch/en/services/odoo,2026-01-13,Pending
https://ark-fid.ch/de/ressources,2026-01-13,Pending
https://ark-fid.ch/en/contact,2026-01-13,Pending
https://ark-fid.ch/pt/ressources,2026-01-13,Pending
https://ark-fid.ch/contact/,2026-01-13,Pending
https://ark-fid.ch/fr/ressources/articles/declarations-fiscales-independants-pme-erreurs-recurrentes-et-optimisations-geneve-vaud-2026-guide-pratique,2026-01-13,Pending
https://ark-fid.ch/fr/services/accounting/,2026-01-12,Pending
https://ark-fid.ch/fr/services/comptabilite,2026-01-12,Pending
https://ark-fid.ch/en/services/incorporation,2026-01-11,Pending
https://ark-fid.ch/es/ressources/articles/reussir-l-externalisation-de-la-gestion-de-paie-en-suisse-romande-risques-et-garanties-2025,2026-01-11,Pending
https://ark-fid.ch/pt/about,2026-01-11,Pending
https://ark-fid.ch/fr/services/incorporation/,2026-01-10,Pending
https://ark-fid.ch/fr/services/externalisation,2026-01-10,Pending
https://ark-fid.ch/fr/services/outsourcing/,2026-01-10,Pending
https://ark-fid.ch/services/accounting,2026-01-10,Pending
https://ark-fid.ch/services/accounting/,2026-01-10,Pending
https://ark-fid.ch/fr/ressources/articles/externalisation-comptabilite-geneve-pme-avantages-etapes-solutions-2025,2026-01-10,Pending
https://ark-fid.ch/en/ressources/articles/lpp-2025-reformes-nouvelles-obligations-et-impacts-pratiques-pour-les-entreprises-et-independants-geneve,2026-01-10,Pending
https://ark-fid.ch/es/ressources/articles/swissdec-5-0-et-salaires-geneve-2025-points-cles,2026-01-10,Pending
https://ark-fid.ch/fr/services/paie,2026-01-10,Pending
https://ark-fid.ch/fr/services/payroll/,2026-01-10,Pending
https://ark-fid.ch/es/services,2026-01-09,Pending
https://ark-fid.ch/team,2026-01-09,Pending
https://ark-fid.ch/team/,2026-01-09,Pending
https://ark-fid.ch/de/legal/terms,2026-01-09,Pending
https://ark-fid.ch/pt/ressources/articles/optimiser-les-charges-sociales-en-suisse-romande-2026-erreurs-frequentes-pour-pme-independants,2026-01-09,Pending
https://ark-fid.ch/es/ressources/articles/optimiser-les-charges-sociales-en-suisse-romande-2026-erreurs-frequentes-pour-pme-independants,2026-01-09,Pending
https://ark-fid.ch/es/services/mergers-acquisitions,2026-01-09,Pending
https://ark-fid.ch/fr/services/fusions-acquisitions,2026-01-09,Pending
https://ark-fid.ch/fr/services/mergers-acquisitions,2026-01-09,Pending
https://ark-fid.ch/fr/services/mergers-acquisitions/,2026-01-09,Pending
https://ark-fid.ch/services/mergers-acquisitions,2026-01-09,Pending
https://ark-fid.ch/services/mergers-acquisitions/,2026-01-09,Pending
https://ark-fid.ch/services/odoo,2026-01-08,Pending
https://ark-fid.ch/services/odoo/,2026-01-08,Pending
https://ark-fid.ch/de/ressources/articles/beps-2-0-impacts-pme-suisse-nouvelles-obligations-fiscales,2026-01-07,Pending
https://ark-fid.ch/en/services/corporate,2026-01-07,Pending
https://ark-fid.ch/services/outsourcing,2026-01-07,Pending
https://ark-fid.ch/services/outsourcing/,2026-01-07,Pending
https://ark-fid.ch/de/services/family-office,2026-01-07,Pending
https://ark-fid.ch/services/constitution-entreprise,2026-01-07,Pending
https://ark-fid.ch/services/constitution-entreprise/,2026-01-07,Pending
https://ark-fid.ch/pt/services/accounting,2026-01-07,Pending
https://ark-fid.ch/pt,2026-01-07,Pending
https://ark-fid.ch/fr/partners,2026-01-06,Pending
https://ark-fid.ch/es/contact,2026-01-06,Pending
https://ark-fid.ch/de/services,2026-01-06,Pending
https://ark-fid.ch/es/team,2026-01-06,Pending
https://ark-fid.ch/pt/services/domiciliation,2026-01-06,Pending
https://ark-fid.ch/en/services/taxes,2026-01-06,Pending
https://ark-fid.ch/es/services/payroll,2026-01-06,Pending
https://ark-fid.ch/pt/services,2026-01-06,Pending
https://ark-fid.ch/pt/team,2026-01-06,Pending
https://ark-fid.ch/pt/services/corporate,2026-01-06,Pending
https://ark-fid.ch/de/services/payroll,2026-01-06,Pending
https://ark-fid.ch/de/services/domiciliation,2026-01-06,Pending
https://ark-fid.ch/de/legal/cookies,2026-01-06,Pending
https://ark-fid.ch/en/legal/cookies,2026-01-06,Pending
https://ark-fid.ch/pt/contact,2026-01-06,Pending
https://ark-fid.ch/pt/services/odoo,2026-01-06,Pending
https://ark-fid.ch/de/about,2026-01-06,Pending
https://ark-fid.ch/en/ressources/articles/gestion-paie-independants-pme-erreurs-courantes-optimisations-2026,2026-01-06,Pending
https://ark-fid.ch/de/services/accounting,2026-01-06,Pending
https://ark-fid.ch/en/ressources/articles/acquisition-entreprise-geneve-pme-conseils-strategiques-2025,2026-01-06,Pending
https://ark-fid.ch/es/ressources/articles/beps-2-0-impacts-pme-suisse-nouvelles-obligations-fiscales,2026-01-06,Pending
https://ark-fid.ch/partners,2026-01-05,Pending
https://ark-fid.ch/partners/,2026-01-05,Pending
https://ark-fid.ch/de/ressources/articles/optimiser-declaration-tva-suisse-2026-erreurs-courantes-et-guides-concrets-pme-independants,2026-01-05,Pending
https://ark-fid.ch/es/services/odoo,2026-01-05,Pending
https://ark-fid.ch/de/partners,2026-01-05,Pending
https://ark-fid.ch/en/team,2026-01-05,Pending
https://ark-fid.ch/fr/services/domiciliation,2026-01-05,Pending
https://ark-fid.ch/services/domiciliation,2026-01-05,Pending
https://ark-fid.ch/services/domiciliation/,2026-01-05,Pending
https://ark-fid.ch/services/family-office/,2026-01-05,Pending
https://ark-fid.ch/services/incorporation,2026-01-05,Pending
https://ark-fid.ch/services/incorporation/,2026-01-05,Pending
https://ark-fid.ch/fr/ressources/articles/beps-2-0-impacts-pme-suisse-nouvelles-obligations-fiscales,2026-01-05,Pending
https://ark-fid.ch/services/paie,2026-01-05,Pending
https://ark-fid.ch/services/paie/,2026-01-05,Pending
https://ark-fid.ch/pt/ressources/articles/optimiser-declaration-tva-suisse-2026-erreurs-courantes-et-guides-concrets-pme-independants,2026-01-05,Pending
https://ark-fid.ch/es/ressources/articles/optimiser-declaration-tva-suisse-2026-erreurs-courantes-et-guides-concrets-pme-independants,2026-01-05,Pending
https://ark-fid.ch/de/contact,2026-01-05,Pending
https://ark-fid.ch/fr/ressources/articles/optimiser-declaration-tva-suisse-2026-erreurs-courantes-et-guides-concrets-pme-independants,2026-01-05,Pending
https://ark-fid.ch/de/team/sixtine-dumas,2026-01-05,Pending
https://ark-fid.ch/en/ressources/articles/declarations-fiscales-pme-geneve-vaud-2025-erreurs-pieges-conseils,2026-01-02,Pending
https://ark-fid.ch/en/services/domiciliation,2026-01-02,Pending
https://ark-fid.ch/de/services/taxes,2026-01-02,Pending
https://ark-fid.ch/legal/privacy,2026-01-02,Pending
https://ark-fid.ch/legal/privacy/,2026-01-02,Pending
https://ark-fid.ch/pt/services/payroll,2026-01-02,Pending
https://ark-fid.ch/services/payroll,2026-01-02,Pending
https://ark-fid.ch/services/payroll/,2026-01-02,Pending
https://ark-fid.ch/de/legal/privacy,2026-01-02,Pending
https://ark-fid.ch/fr/services/constitution-entreprise,2026-01-02,Pending
https://ark-fid.ch/es/ressources/articles/erreurs-courantes-et-optimisations-legales-lors-du-changement-de-canton-pour-les-pme-et-independants-en-suisse-2025,2026-01-02,Pending
https://ark-fid.ch/fr/services,2026-01-02,Pending
https://ark-fid.ch/en/ressources/articles/creer-entreprise-suisse,2026-01-01,Pending
https://ark-fid.ch/de/ressources/articles/creer-entreprise-suisse,2026-01-01,Pending
https://ark-fid.ch/es/ressources/articles/externalisation-paie-geneve-2025-avantages-securite-pme,2025-12-30,Pending
https://ark-fid.ch/en/ressources/articles/erreurs-courantes-et-optimisations-legales-lors-du-changement-de-canton-pour-les-pme-et-independants-en-suisse-2025,2025-12-30,Pending
https://ark-fid.ch/de/ressources/articles/erreurs-courantes-et-optimisations-legales-lors-du-changement-de-canton-pour-les-pme-et-independants-en-suisse-2025,2025-12-30,Pending
https://ark-fid.ch/fr/ressources/articles/erreurs-courantes-et-optimisations-legales-lors-du-changement-de-canton-pour-les-pme-et-independants-en-suisse-2025,2025-12-30,Pending
https://ark-fid.ch/pt/ressources/articles/erreurs-courantes-et-optimisations-legales-lors-du-changement-de-canton-pour-les-pme-et-independants-en-suisse-2025,2025-12-30,Pending
https://ark-fid.ch/es/ressources/articles/optimisation-charges-sociales-suisse-romande-guide-independants-pme-2025,2025-12-26,Pending
https://ark-fid.ch/es/services/taxes,2025-12-25,Pending
https://ark-fid.ch/en/ressources/articles/optimisation-charges-sociales-suisse-romande-guide-independants-pme-2025,2025-12-25,Pending
https://ark-fid.ch/pt/ressources/articles/optimisation-charges-sociales-suisse-romande-guide-independants-pme-2025,2025-12-25,Pending
https://ark-fid.ch/de,2025-12-24,Pending
https://ark-fid.ch/de/team,2025-12-23,Pending
https://ark-fid.ch/es/services/domiciliation,2025-12-23,Pending
https://ark-fid.ch/pt/services/outsourcing,2025-12-23,Pending
https://ark-fid.ch/de/services/odoo,2025-12-23,Pending
https://ark-fid.ch/es/partners,2025-12-23,Pending
https://ark-fid.ch/en/services,2025-12-23,Pending
https://ark-fid.ch/services/services-corporatifs,2025-12-22,Pending
https://ark-fid.ch/services/services-corporatifs/,2025-12-22,Pending
https://ark-fid.ch/fr/legal/cookies,2025-12-22,Pending
https://ark-fid.ch/es/legal/cookies,2025-12-22,Pending
https://ark-fid.ch/pt/ressources/articles/fusion-et-acquisition-en-suisse-romande-2025-etapes-defis-et-opportunites-pour-les-pme,2025-12-22,Pending
https://ark-fid.ch/fr/ressources/articles/declarations-fiscales-pme-geneve-vaud-2025-erreurs-pieges-conseils,2025-12-22,Pending
https://ark-fid.ch/de/ressources/articles/declarations-fiscales-pme-geneve-vaud-2025-erreurs-pieges-conseils,2025-12-22,Pending
https://ark-fid.ch/es/ressources/articles/declarations-fiscales-pme-geneve-vaud-2025-erreurs-pieges-conseils,2025-12-22,Pending
https://ark-fid.ch/es/services/corporate,2025-12-22,Pending
https://ark-fid.ch/pt/services/taxes,2025-12-22,Pending
https://ark-fid.ch/fr/services/payroll,2025-12-21,Pending
https://ark-fid.ch/en/legal/terms,2025-12-21,Pending
https://ark-fid.ch/fr/services/corporate/,2025-12-21,Pending
https://ark-fid.ch/fr/services/services-corporatifs,2025-12-21,Pending
https://ark-fid.ch/de/ressources/articles/optimiser-la-gestion-de-la-tva-geneve-2025-erreurs-courantes-solutions-pme,2025-12-21,Pending
https://ark-fid.ch/fr/legal/terms,2025-12-20,Pending
https://ark-fid.ch/services/corporate,2025-12-20,Pending
https://ark-fid.ch/services/corporate/,2025-12-20,Pending
https://ark-fid.ch/es/services/outsourcing,2025-12-19,Pending
https://ark-fid.ch/de/services/corporate,2025-12-18,Pending
https://ark-fid.ch/en/services/payroll,2025-12-17,Pending
https://ark-fid.ch/services/externalisation,2025-12-17,Pending
https://ark-fid.ch/services/externalisation/,2025-12-17,Pending
https://ark-fid.ch/en/ressources/articles/odoo-erp-pme-suisse-romande-integration-optimale-2025-conseils-solutions,2025-12-14,Pending
https://ark-fid.ch/de/ressources/articles/odoo-erp-pme-suisse-romande-integration-optimale-2025-conseils-solutions,2025-12-13,Pending
https://ark-fid.ch/pt/ressources/articles/odoo-erp-pme-suisse-romande-integration-optimale-2025-conseils-solutions,2025-12-13,Pending
https://ark-fid.ch/fr/ressources/articles/odoo-erp-pme-suisse-romande-integration-optimale-2025-conseils-solutions,2025-12-13,Pending
https://ark-fid.ch/es/ressources/articles/externalisation-comptabilite-geneve-pme-avantages-etapes-solutions-2025,2025-12-12,Pending
https://ark-fid.ch/fr/ressources/articles/creer-entreprise-suisse,2025-12-12,Pending
https://ark-fid.ch/en/ressources/articles/externalisation-paie-geneve-2025-avantages-securite-pme,2025-12-12,Pending
https://ark-fid.ch/fr/ressources/articles/roles-et-responsabilites-administrateurs-sa-sarl-geneve-2025,2025-12-12,Pending
https://ark-fid.ch/de/ressources/articles/reussir-l-externalisation-de-la-gestion-de-paie-en-suisse-romande-risques-et-garanties-2025,2025-12-10,Pending
https://ark-fid.ch/fr/ressources/articles/reussir-l-externalisation-de-la-gestion-de-paie-en-suisse-romande-risques-et-garanties-2025,2025-12-09,Pending
https://ark-fid.ch/pt/ressources/articles/reussir-l-externalisation-de-la-gestion-de-paie-en-suisse-romande-risques-et-garanties-2025,2025-12-09,Pending
https://ark-fid.ch/pt/ressources/articles/reformer-l-externalisation-de-la-direction-financiere-pour-les-pme-a-geneve-en-2025,2025-12-07,Pending
https://ark-fid.ch/es/ressources/articles/optimiser-la-gestion-de-la-tva-geneve-2025-erreurs-courantes-solutions-pme,2025-12-06,Pending
https://ark-fid.ch/de/ressources/articles/odoo-18-nouveautes-pour-gestion-comptable-et-paie-geneve-2025,2025-12-05,Pending
https://ark-fid.ch/en/ressources?articles=43,2025-12-05,Pending
https://ark-fid.ch/pt/services/incorporation,2025-12-05,Pending
https://ark-fid.ch/pt/legal/cookies,2025-12-05,Pending
https://ark-fid.ch/en/ressources?articles=35,2025-12-05,Pending
https://ark-fid.ch/es/legal/privacy,2025-12-05,Pending
https://ark-fid.ch/en/ressources/articles/optimiser-la-gestion-de-la-tva-geneve-2025-erreurs-courantes-solutions-pme,2025-12-05,Pending
https://ark-fid.ch/fr/ressources/articles/optimiser-la-gestion-de-la-tva-geneve-2025-erreurs-courantes-solutions-pme,2025-12-05,Pending
https://ark-fid.ch/en/ressources/articles/optimiser-fiscalite-geneve-2025-preparer-2026,2025-12-03,Pending
https://ark-fid.ch/en/ressources/articles/beps-2-0-impacts-pme-suisse-nouvelles-obligations-fiscales,2025-12-03,Pending
https://ark-fid.ch/es/services/family-office,2025-12-03,Pending
https://ark-fid.ch/services/comptabilite,2025-12-03,Pending
https://ark-fid.ch/services/comptabilite/,2025-12-03,Pending
https://ark-fid.ch/fr/ressources?articles=24,2025-12-03,Pending
https://ark-fid.ch/es/about,2025-12-03,Pending
https://ark-fid.ch/es/legal/terms,2025-12-03,Pending
https://ark-fid.ch/es/services/incorporation,2025-12-03,Pending
https://ark-fid.ch/de/ressources/articles/houle-ai,2025-12-03,Pending
https://ark-fid.ch/en/ressources/articles/mise-en-place-ou-amelioration-du-controle-des-proces-verbaux-et-assemblees-generales-en-pme-geneve-2025-solutions-pratiques,2025-12-03,Pending
https://ark-fid.ch/es,2025-12-02,Pending
https://ark-fid.ch/fr/services/fiscalite,2025-12-02,Pending
https://ark-fid.ch/fr/services/taxes/,2025-12-02,Pending
https://ark-fid.ch/services/taxes,2025-12-02,Pending
https://ark-fid.ch/services/taxes/,2025-12-02,Pending
https://ark-fid.ch/en/ressources/articles/transmission-entreprise-geneve-succession-strategique-pme-famille-2025,2025-12-01,Pending
https://ark-fid.ch/es/ressources/articles/houle-ai,2025-11-30,Pending
https://ark-fid.ch/es/ressources/articles/constitution-societe-geneve-etapes-actualisees-2025-solutions-pme-independants,2025-11-30,Pending
https://ark-fid.ch/fr/ressources/articles/transmission-entreprise-geneve-succession-strategique-pme-famille-2025,2025-11-30,Pending
https://ark-fid.ch/fr/ressources?articles=all,2025-11-30,Pending
https://ark-fid.ch/pt/ressources/articles/transmission-entreprise-geneve-succession-strategique-pme-famille-2025,2025-11-30,Pending
https://ark-fid.ch/de/ressources/articles/transmission-entreprise-geneve-succession-strategique-pme-famille-2025,2025-11-29,Pending
https://ark-fid.ch/es/ressources?articles=40,2025-11-28,Pending
https://ark-fid.ch/es/ressources/articles/gestion-paie-geneve-pme-obligations-defis-solutions-2025,2025-11-26,Pending
https://ark-fid.ch/en/ressources/articles/gestion-paie-geneve-pme-obligations-defis-solutions-2025,2025-11-25,Pending
https://ark-fid.ch/de/ressources/articles/gestion-paie-geneve-pme-obligations-defis-solutions-2025,2025-11-25,Pending
https://ark-fid.ch/de/ressources/articles/constitution-societe-geneve-etapes-actualisees-2025-solutions-pme-independants,2025-11-25,Pending
https://ark-fid.ch/es/ressources/articles/creer-entreprise-suisse,2025-11-23,Pending
https://ark-fid.ch/en/ressources/articles/reformer-l-externalisation-de-la-direction-financiere-pour-les-pme-a-geneve-en-2025,2025-11-23,Pending
https://ark-fid.ch/pt/ressources/articles/impacts-tva-2025-geneve-pme,2025-11-22,Pending
https://ark-fid.ch/fr/ressources/articles/domiciliation-entreprise-geneve,2025-11-22,Pending
https://ark-fid.ch/de/ressources/articles/proces-verbal-assemblee-generale-obligations-redaction-suisse-2025,2025-11-22,Pending
https://ark-fid.ch/fr/ressources/articles/reformer-l-externalisation-de-la-direction-financiere-pour-les-pme-a-geneve-en-2025,2025-11-21,Pending
https://ark-fid.ch/es/ressources/articles/reformer-l-externalisation-de-la-direction-financiere-pour-les-pme-a-geneve-en-2025,2025-11-21,Pending
https://ark-fid.ch/de/ressources/articles/reformer-l-externalisation-de-la-direction-financiere-pour-les-pme-a-geneve-en-2025,2025-11-21,Pending
https://ark-fid.ch/fr/ressources/articles/externalisation-paie-geneve-2025-avantages-securite-pme,2025-11-21,Pending
https://ark-fid.ch/es/ressources/articles/controle-interne-pme-geneve-2025-piloter-risques-automatise,2025-11-21,Pending
https://ark-fid.ch/pt/ressources/articles/proces-verbal-assemblee-generale-obligations-redaction-suisse-2025,2025-11-21,Pending
https://ark-fid.ch/pt/ressources?articles=35,2025-11-20,Pending
https://ark-fid.ch/es/ressources/articles/domiciliation-entreprise-geneve,2025-11-19,Pending
https://ark-fid.ch/en/ressources/articles/roles-et-responsabilites-administrateurs-sa-sarl-geneve-2025,2025-11-19,Pending
https://ark-fid.ch/fr/ressources,2025-11-17,Pending
https://ark-fid.ch/fr/ressources/articles/lpp-2025-reformes-nouvelles-obligations-et-impacts-pratiques-pour-les-entreprises-et-independants-geneve,2025-11-17,Pending
https://ark-fid.ch/en/ressources/articles/digitalisation-comptabilite-obligations-pme-geneve-conformite-2025,2025-11-17,Pending
https://ark-fid.ch/de/ressources/articles/roles-et-responsabilites-administrateurs-sa-sarl-geneve-2025,2025-11-17,Pending
https://ark-fid.ch/es/ressources/articles/proces-verbal-assemblee-generale-obligations-redaction-suisse-2025,2025-11-17,Pending
https://ark-fid.ch/fr/ressources/articles/gestion-et-optimisation-du-patrimoine-en-suisse-strategies-pme-hni-geneve-2025,2025-11-17,Pending
https://ark-fid.ch/pt/ressources/articles/gestion-et-optimisation-du-patrimoine-en-suisse-strategies-pme-hni-geneve-2025,2025-11-17,Pending
https://ark-fid.ch/de/ressources?articles=35,2025-11-17,Pending
https://ark-fid.ch/es/ressources/articles/gestion-et-optimisation-du-patrimoine-en-suisse-strategies-pme-hni-geneve-2025,2025-11-17,Pending
https://ark-fid.ch/de/ressources/articles/gestion-et-optimisation-du-patrimoine-en-suisse-strategies-pme-hni-geneve-2025,2025-11-17,Pending
https://ark-fid.ch/de/ressources?articles=28,2025-11-17,Pending
https://ark-fid.ch/pt/ressources/articles/domiciliation-entreprise-geneve,2025-11-16,Pending
https://ark-fid.ch/en/ressources?articles=27,2025-11-16,Pending
https://ark-fid.ch/es/ressources/articles/lpp-2025-reformes-nouvelles-obligations-et-impacts-pratiques-pour-les-entreprises-et-independants-geneve,2025-11-16,Pending
https://ark-fid.ch/de/ressources/articles/externalisation-paie-geneve-2025-avantages-securite-pme,2025-11-16,Pending
https://ark-fid.ch/es/ressources/articles/baisse-impots-geneve-2025,2025-11-16,Pending
https://ark-fid.ch/de/ressources/articles/domiciliation-entreprise-geneve,2025-11-15,Pending
https://ark-fid.ch/pt/ressources/articles/digitalisation-comptabilite-obligations-pme-geneve-conformite-2025,2025-11-13,Pending
https://ark-fid.ch/de/ressources/articles?limit=20,2025-11-12,Pending
https://ark-fid.ch/de/ressources/articles/outsourcing-administratif-pme-geneve-solutions-avantages-2025,2025-11-11,Pending
https://ark-fid.ch/de/ressources/articles/swissdec-5-paie-geneve-obligations-2025,2025-11-11,Pending
https://ark-fid.ch/pt/ressources/articles/fiscalite-cryptomonnaies-suisse-2025,2025-11-11,Pending
https://ark-fid.ch/en/ressources/articles/optimisation-fiscale-entreprises-geneve-reformes-2025,2025-11-11,Pending
https://ark-fid.ch/fr/ressources?files=12,2025-11-10,Pending
https://ark-fid.ch/de/ressources/articles/changement-lpp-geneve-2025-employeurs-independants,2025-11-10,Pending
https://ark-fid.ch/de/ressources/articles/anticiper-tva-geneve-fin-2025-preparer-2026,2025-11-09,Pending
https://ark-fid.ch/de/ressources/articles/tva-2025-geneve-impact-pme-revision-fiscale,2025-11-09,Pending
https://ark-fid.ch/pt/ressources/articles/devancer-reformes-fiscales-entreprise-geneve-2026,2025-11-09,Pending
https://ark-fid.ch/fr/ressources/articles/nouveautes-paie-geneve-2025-regles-frontaliers-teletravail,2025-11-09,Pending
https://ark-fid.ch/de/ressources/articles/impacts-tva-2025-geneve-pme,2025-11-09,Pending
https://ark-fid.ch/en/ressources/articles,2025-11-09,Pending
https://ark-fid.ch/en/team/rodrigue-sperisen,2025-11-09,Pending
https://ark-fid.ch/en/team/maulk-hamdi,2025-11-09,Pending
https://ark-fid.ch/fr/services/corporate,2025-11-09,Pending
https://ark-fid.ch/pt/ressources/articles/teletravail-frontaliers-2025-paie-geneve,2025-11-09,Pending
https://ark-fid.ch/de/ressources/articles/teletravail-frontaliers-2025-paie-geneve,2025-11-09,Pending
https://ark-fid.ch/pt/ressources/articles/baisse-impots-geneve-2025,2025-11-09,Pending
https://ark-fid.ch/pt/ressources/articles/optimisation-fiscale-entreprises-geneve-reformes-2025,2025-11-09,Pending
https://ark-fid.ch/fr/ressources/articles/acquisition-entreprise-geneve-pme-conseils-strategiques-2025,2025-11-09,Pending
https://ark-fid.ch/es/team/anthony-touboul,2025-11-08,Pending
https://ark-fid.ch/en/ressources/articles/proces-verbal-assemblee-generale-obligations-redaction-suisse-2025,2025-11-07,Pending
https://ark-fid.ch/fr/ressources?files=23,2025-11-06,Pending
https://ark-fid.ch/fr/ressources?files=18,2025-11-06,Pending
https://ark-fid.ch/es/ressources/articles/audit-de-conformite-tva-geneve-pme-points-cles-processus-2025,2025-11-05,Pending
https://ark-fid.ch/de/ressources/articles/audit-de-conformite-tva-geneve-pme-points-cles-processus-2025,2025-11-05,Pending
https://ark-fid.ch/es/ressources/articles/anticiper-tva-geneve-fin-2025-preparer-2026,2025-11-04,Pending
https://ark-fid.ch/es/ressources/articles/outsourcing-administratif-pme-geneve-solutions-avantages-2025,2025-11-02,Pending
https://ark-fid.ch/es/ressources/articles/roles-et-responsabilites-administrateurs-sa-sarl-geneve-2025,2025-11-01,Pending
https://ark-fid.ch/fr/ressources/articles/annual-vat-settlement-2025,2025-11-01,Pending
https://ark-fid.ch/de/ressources?articles=24,2025-10-31,Pending
https://ark-fid.ch/en/team/anthony-touboul,2025-10-31,Pending
https://ark-fid.ch/en/ressources?files=12,2025-10-31,Pending
https://ark-fid.ch/pt/team/hassan-barbir,2025-10-31,Pending
https://ark-fid.ch/en/ressources/articles/odoo-18-nouveautes-comptabilite-suisse-2025,2025-10-30,Pending
https://ark-fid.ch/en/ressources/articles/annual-vat-settlement-2025,2025-10-30,Pending
https://ark-fid.ch/de/ressources/articles/annual-vat-settlement-2025,2025-10-30,Pending
https://ark-fid.ch/de/ressources/articles/reforme-fiscale-geneve-2025-impact-contribuables-pme,2025-10-30,Pending
https://ark-fid.ch/en/ressources/articles/odoo-18-paie-comptabilite-nouveautes-geneve-2025,2025-10-29,Pending
https://ark-fid.ch/en/ressources/articles/impacts-tva-2025-geneve-pme,2025-10-29,Pending
https://ark-fid.ch/de/ressources/articles/fiscalite-cryptomonnaies-suisse-2025,2025-10-28,Pending
https://ark-fid.ch/en/ressources/articles?limit=24,2025-10-28,Pending
https://ark-fid.ch/es/ressources/articles/optimisation-fiscale-geneve-fin-2025,2025-10-28,Pending
https://ark-fid.ch/fr/ressources/articles/fiscalite-cryptomonnaies-suisse-2025,2025-10-26,Pending
https://ark-fid.ch/en/ressources/articles/devancer-reformes-fiscales-entreprise-geneve-2026,2025-10-26,Pending
https://ark-fid.ch/fr/services/outsourcing,2025-10-25,Pending
https://ark-fid.ch/fr/services/incorporation,2025-10-25,Pending
https://ark-fid.ch/en/ressources/articles/domiciliation-entreprise-geneve,2025-10-23,Pending
https://ark-fid.ch/pt/ressources/articles/externalisation-paie-geneve-2025-avantages-securite-pme,2025-10-22,Pending
https://ark-fid.ch/es/ressources?articles=22,2025-10-22,Pending
https://ark-fid.ch/en/ressources/articles?limit=20,2025-10-21,Pending
https://ark-fid.ch/fr/team/maulk-hamdi,2025-10-21,Pending
https://ark-fid.ch/pt/ressources?articles=22,2025-10-19,Pending
https://ark-fid.ch/pt/ressources?files=23,2025-10-19,Pending
https://ark-fid.ch/de/ressources/articles/preparer-pme-independants-tva-2026,2025-10-19,Pending
https://ark-fid.ch/fr/ressources/articles?limit=23,2025-10-19,Pending
https://ark-fid.ch/fr/ressources/articles?limit=20,2025-10-19,Pending
https://ark-fid.ch/pt/ressources/articles?limit=23,2025-10-19,Pending
https://ark-fid.ch/pt/ressources/articles?limit=20,2025-10-19,Pending
https://ark-fid.ch/es/ressources/articles?limit=23,2025-10-18,Pending
https://ark-fid.ch/es/ressources/articles?limit=20,2025-10-18,Pending
https://ark-fid.ch/fr/team/sixtine-dumas,2025-10-18,Pending
https://ark-fid.ch/pt/team/sixtine-dumas,2025-10-18,Pending
https://ark-fid.ch/pt/ressources/articles/nouveautes-paie-geneve-2025-regles-frontaliers-teletravail,2025-10-17,Pending
https://ark-fid.ch/es/team/sixtine-dumas,2025-10-16,Pending
https://ark-fid.ch/en/ressources/articles/odoo-18-nouveautes-pour-gestion-comptable-et-paie-geneve-2025,2025-10-14,Pending
https://ark-fid.ch/pt/ressources/articles/odoo-18-nouveautes-pour-gestion-comptable-et-paie-geneve-2025,2025-10-14,Pending
https://ark-fid.ch/es/ressources/articles/odoo-18-nouveautes-pour-gestion-comptable-et-paie-geneve-2025,2025-10-14,Pending
https://ark-fid.ch/fr/ressources/articles/odoo-18-nouveautes-pour-gestion-comptable-et-paie-geneve-2025,2025-10-14,Pending
https://ark-fid.ch/es/ressources/articles/odoo-18-paie-comptabilite-nouveautes-geneve-2025,2025-10-13,Pending
https://ark-fid.ch/es/ressources/articles/reforme-fiscale-geneve-2025-impact-contribuables-pme,2025-10-12,Pending
https://ark-fid.ch/fr/ressources/articles/swissdec-5-paie-geneve-obligations-2025,2025-10-12,Pending
https://ark-fid.ch/en/ressources/articles/swissdec-5-paie-geneve-obligations-2025,2025-10-12,Pending
https://ark-fid.ch/es/ressources/articles/swissdec-5-paie-geneve-obligations-2025,2025-10-11,Pending
https://ark-fid.ch/pt/ressources/articles/swissdec-5-paie-geneve-obligations-2025,2025-10-11,Pending
https://ark-fid.ch/fr/ressources/articles/swissdec-5-0-et-salaires-geneve-2025-points-cles,2025-10-09,Pending
https://ark-fid.ch/pt/ressources/articles/swissdec-5-0-et-salaires-geneve-2025-points-cles,2025-10-09,Pending
https://ark-fid.ch/de/ressources/articles/swissdec-5-0-et-salaires-geneve-2025-points-cles,2025-10-09,Pending
https://ark-fid.ch/en/ressources/articles/swissdec-5-0-et-salaires-geneve-2025-points-cles,2025-10-09,Pending
https://ark-fid.ch/es/ressources/articles/cotisations-lpp-geneve-2025-changements-impacts-pme,2025-10-08,Pending
https://ark-fid.ch/fr/team/lassana-dioum,2025-10-08,Pending
https://ark-fid.ch/pt/team/celeste-leal,2025-10-08,Pending
https://ark-fid.ch/pt/ressources/articles/odoo-18-paie-comptabilite-nouveautes-geneve-2025,2025-10-07,Pending
https://ark-fid.ch/de/ressources/articles/odoo-18-paie-comptabilite-nouveautes-geneve-2025,2025-10-07,Pending
https://ark-fid.ch/pt/team/samuel-halff,2025-10-07,Pending
https://ark-fid.ch/en/team/sebastien-gallie,2025-10-07,Pending
https://ark-fid.ch/pt/ressources/articles/changement-lpp-geneve-2025-employeurs-independants,2025-10-06,Pending
https://ark-fid.ch/es/ressources/articles/changement-lpp-geneve-2025-employeurs-independants,2025-10-06,Pending
https://ark-fid.ch/fr/ressources/articles/changement-lpp-geneve-2025-employeurs-independants,2025-10-06,Pending
https://ark-fid.ch/en/ressources/articles/changement-lpp-geneve-2025-employeurs-independants,2025-10-06,Pending
https://ark-fid.ch/de/team/lassana-dioum,2025-10-05,Pending
https://ark-fid.ch/de/team/samuel-halff,2025-10-05,Pending
https://ark-fid.ch/pt/team/rodrigue-sperisen,2025-10-05,Pending
https://ark-fid.ch/pt/team/sebastien-gallie,2025-10-05,Pending
https://ark-fid.ch/pt/team/anthony-touboul,2025-10-05,Pending
https://ark-fid.ch/fr/team/sebastien-gallie,2025-10-05,Pending
https://ark-fid.ch/en/team/lassana-dioum,2025-10-05,Pending
https://ark-fid.ch/pt/team/lassana-dioum,2025-10-05,Pending
https://ark-fid.ch/de/team/anthony-touboul,2025-10-05,Pending
https://ark-fid.ch/pt/team/maulk-hamdi,2025-10-05,Pending
https://ark-fid.ch/de/ressources/articles/cotisations-lpp-geneve-2025-changements-impacts-pme,2025-10-05,Pending
https://ark-fid.ch/pt/ressources/articles/odoo-18-nouveautes-comptabilite-fiduciaire-geneve,2025-10-05,Pending
https://ark-fid.ch/pt/ressources/articles/cotisations-lpp-geneve-2025-changements-impacts-pme,2025-10-04,Pending
https://ark-fid.ch/es/ressources/articles/odoo-18-nouveautes-comptabilite-suisse-2025,2025-10-03,Pending
https://ark-fid.ch/es/ressources/articles/odoo-18-nouveautes-comptabilite-fiduciaire-geneve,2025-10-03,Pending
https://ark-fid.ch/pt/ressources/articles/odoo-18-nouveautes-comptabilite-suisse-2025,2025-10-03,Pending
https://ark-fid.ch/de/ressources/articles/odoo-18-nouveautes-comptabilite-fiduciaire-geneve,2025-10-02,Pending
https://ark-fid.ch/de/ressources/articles/odoo-18-nouveautes-comptabilite-suisse-2025,2025-10-02,Pending
https://ark-fid.ch/fr/ressources/articles/odoo-18-nouveautes-comptabilite-suisse-2025,2025-10-02,Pending
https://ark-fid.ch/en/team/hassan-barbir,2025-10-02,Pending
https://ark-fid.ch/en/ressources/articles/preparer-pme-independants-tva-2026,2025-10-02,Pending
https://ark-fid.ch/pt/ressources/articles/preparer-pme-independants-tva-2026,2025-10-02,Pending
https://ark-fid.ch/es/ressources/articles/preparer-pme-independants-tva-2026,2025-10-02,Pending
https://ark-fid.ch/fr/ressources/articles?limit=all,2025-10-01,Pending
https://ark-fid.ch/es/team/lassana-dioum,2025-09-30,Pending
https://ark-fid.ch/es/team/samuel-halff,2025-09-30,Pending
https://ark-fid.ch/es/team/celeste-leal,2025-09-30,Pending
https://ark-fid.ch/fr/ressources/articles?limit=13,2025-09-30,Pending
https://ark-fid.ch/en/ressources/articles?limit=13,2025-09-30,Pending
https://ark-fid.ch/fr/ressources/articles/reforme-fiscale-geneve-2025-impact-contribuables-pme,2025-09-30,Pending
https://ark-fid.ch/de/team/sebastien-gallie,2025-09-30,Pending
https://ark-fid.ch/es/team/sebastien-gallie,2025-09-29,Pending
https://ark-fid.ch/de/ressources/articles?limit=13,2025-09-29,Pending
https://ark-fid.ch/de/ressources/articles?limit=all,2025-09-29,Pending
https://ark-fid.ch/de/team/rodrigue-sperisen,2025-09-29,Pending
https://ark-fid.ch/es/ressources/articles?limit=all,2025-09-29,Pending
https://ark-fid.ch/es/team/maulk-hamdi,2025-09-29,Pending
https://ark-fid.ch/pt/ressources?files=all,2025-09-29,Pending
https://ark-fid.ch/es/ressources/articles?limit=13,2025-09-29,Pending
https://ark-fid.ch/pt/ressources/articles?limit=all,2025-09-29,Pending
https://ark-fid.ch/pt/ressources/articles?limit=13,2025-09-29,Pending
https://ark-fid.ch/en/ressources/articles?limit=all,2025-09-29,Pending
https://ark-fid.ch/de/ressources/articles/nouveautes-paie-geneve-2025-regles-frontaliers-teletravail,2025-09-29,Pending
https://ark-fid.ch/pt/ressources?articles=13,2025-09-29,Pending
https://ark-fid.ch/es/ressources/articles/impacts-tva-2025-geneve-pme,2025-09-29,Pending
https://ark-fid.ch/en/team/samuel-halff,2025-09-29,Pending
https://ark-fid.ch/es/ressources?files=18&articles=13,2025-09-29,Pending
https://ark-fid.ch/pt/ressources/articles/optimiser-fiscalite-geneve-2025-preparer-2026,2025-09-29,Pending
https://ark-fid.ch/fr/ressources?articles=13,2025-09-29,Pending
https://ark-fid.ch/de/ressources/articles/optimisation-fiscale-geneve-fin-2025,2025-09-29,Pending
https://ark-fid.ch/pt/ressources/articles/anticiper-tva-geneve-fin-2025-preparer-2026,2025-09-29,Pending
https://ark-fid.ch/de/ressources?files=all,2025-09-29,Pending
https://ark-fid.ch/de/ressources/articles,2025-09-29,Pending
https://ark-fid.ch/pt/ressources/articles,2025-09-29,Pending
https://ark-fid.ch/es/ressources?articles=13,2025-09-29,Pending
https://ark-fid.ch/de/ressources?articles=13,2025-09-29,Pending
https://ark-fid.ch/fr/ressources?articles=12,2025-09-29,Pending
https://ark-fid.ch/fr/ressources?files=all,2025-09-29,Pending
https://ark-fid.ch/pt/ressources?articles=12,2025-09-29,Pending
https://ark-fid.ch/en/ressources/articles/reforme-fiscale-geneve-2025-impact-contribuables-pme,2025-09-29,Pending
https://ark-fid.ch/es/ressources/articles,2025-09-29,Pending
https://ark-fid.ch/fr/ressources/articles,2025-09-29,Pending
https://ark-fid.ch/de/team/maulk-hamdi,2025-09-29,Pending
https://ark-fid.ch/fr/team/anthony-touboul,2025-09-29,Pending
https://ark-fid.ch/de/team/hassan-barbir,2025-09-29,Pending
https://ark-fid.ch/es/team/hassan-barbir,2025-09-29,Pending
https://ark-fid.ch/es/team/rodrigue-sperisen,2025-09-29,Pending
https://ark-fid.ch/en/partners,2025-09-29,Pending
https://ark-fid.ch/fr/team/celeste-leal,2025-09-29,Pending
https://ark-fid.ch/de/ressources?articles=12,2025-09-29,Pending
https://ark-fid.ch/en/ressources?files=all,2025-09-29,Pending
https://ark-fid.ch/es/ressources?articles=12,2025-09-29,Pending
https://ark-fid.ch/en/team/celeste-leal,2025-09-29,Pending
https://ark-fid.ch/fr/ressources/articles/baisse-impots-geneve-2025,2025-09-29,Pending
https://ark-fid.ch/pt/ressources/articles/annual-vat-settlement-2025,2025-09-29,Pending
https://ark-fid.ch/es/ressources/articles/devancer-reformes-fiscales-entreprise-geneve-2026,2025-09-29,Pending
https://ark-fid.ch/es/ressources/articles/optimisation-fiscale-entreprises-geneve-reformes-2025,2025-09-29,Pending
https://ark-fid.ch/pt/ressources/articles/tva-2025-geneve-impact-pme-revision-fiscale,2025-09-29,Pending
https://ark-fid.ch/en/ressources/articles/nouveautes-paie-geneve-2025-regles-frontaliers-teletravail,2025-09-29,Pending
https://ark-fid.ch/es/ressources/articles/annual-vat-settlement-2025,2025-09-29,Pending
https://ark-fid.ch/fr/ressources/articles/impacts-tva-2025-geneve-pme,2025-09-29,Pending
https://ark-fid.ch/en/ressources/articles/fiscalite-cryptomonnaies-suisse-2025,2025-09-29,Pending
https://ark-fid.ch/en/ressources/articles/tva-2025-geneve-impact-pme-revision-fiscale,2025-09-29,Pending
https://ark-fid.ch/fr/ressources/articles/teletravail-frontaliers-2025-paie-geneve,2025-09-29,Pending
https://ark-fid.ch/en/ressources/articles/anticiper-tva-geneve-fin-2025-preparer-2026,2025-09-29,Pending
https://ark-fid.ch/de/ressources/articles/baisse-impots-geneve-2025,2025-09-29,Pending
https://ark-fid.ch/fr/ressources/articles/tva-2025-geneve-impact-pme-revision-fiscale,2025-09-29,Pending
https://ark-fid.ch/de/ressources/articles/optimiser-fiscalite-geneve-2025-preparer-2026,2025-09-29,Pending
https://ark-fid.ch/fr/ressources/articles/optimiser-fiscalite-geneve-2025-preparer-2026,2025-09-29,Pending
https://ark-fid.ch/es/ressources/articles/tva-2025-geneve-impact-pme-revision-fiscale,2025-09-29,Pending
https://ark-fid.ch/es/ressources/articles/nouveautes-paie-geneve-2025-regles-frontaliers-teletravail,2025-09-29,Pending
https://ark-fid.ch/pt/ressources/articles/reforme-fiscale-geneve-2025-impact-contribuables-pme,2025-09-29,Pending
https://ark-fid.ch/de/ressources/articles/devancer-reformes-fiscales-entreprise-geneve-2026,2025-09-29,Pending
https://ark-fid.ch/fr/ressources/articles/optimisation-fiscale-geneve-fin-2025,2025-09-29,Pending
https://ark-fid.ch/es/ressources/articles/teletravail-frontaliers-2025-paie-geneve,2025-09-29,Pending
https://ark-fid.ch/fr/ressources/articles/devancer-reformes-fiscales-entreprise-geneve-2026,2025-09-29,Pending
https://ark-fid.ch/es/services/accounting,2025-09-29,Pending
https://ark-fid.ch/de/ressources/articles/optimisation-fiscale-entreprises-geneve-reformes-2025,2025-09-29,Pending
https://ark-fid.ch/en/ressources/articles/optimisation-fiscale-geneve-fin-2025,2025-09-28,Pending