url,clicks,impressions,ctr,position
https://ark-fid.ch/fr/services/odoo/,7,2403,0.002913025384935497,25.955472326258842
https://ark-fid.ch/en/ressources/articles/optimisation-charges-sociales-suisse-romande-guide-independants-pme-2025/,0,2270,0,7.1788546255506605
https://ark-fid.ch/en/ressources/articles/cotisations-lpp-geneve-2025-changements-impacts-pme/,2,2173,0.0009203865623561896,7.206166589967786
https://ark-fid.ch/en/ressources/articles/creer-entreprise-suisse/,0,2106,0,35.28727445394112
https://ark-fid.ch/fr/ressources/articles/preparer-pme-independants-tva-2026/,12,2070,0.005797101449275362,13.179710144927537
https://ark-fid.ch/fr/,63,1916,0.03288100208768267,30.017745302713987
https://ark-fid.ch/fr/ressources/articles/proces-verbal-assemblee-generale-obligations-redaction-suisse-2025/,46,1755,0.02621082621082621,5.658689458689459
https://ark-fid.ch/en/ressources/articles/lpp-2025-reformes-nouvelles-obligations-et-impacts-pratiques-pour-les-entreprises-et-independants-geneve/,0,1547,0,6.351648351648351
https://ark-fid.ch/fr/ressources/articles/domiciliation-entreprise-geneve/,4,1544,0.0025906735751295338,26.425518134715027
https://ark-fid.ch/fr/ressources/articles/optimiser-declaration-tva-suisse-2026-erreurs-courantes-et-guides-concrets-pme-independants/,12,1535,0.007817589576547232,9.279478827361563
https://ark-fid.ch/en/ressources/articles/fiscalite-cryptomonnaies-suisse-2025/,0,1142,0,8.001751313485114
https://ark-fid.ch/es/ressources/articles/gestion-et-optimisation-du-patrimoine-en-suisse-strategies-pme-hni-geneve-2025/,1,1108,0.0009025270758122744,11.159747292418773
https://ark-fid.ch/en/ressources/articles/nouveautes-et-regles-concretes-cotisations-sociales-et-certificats-de-salaire-2026-pme-independants-suisse-romande,2,971,0.0020597322348094747,7.50669412976313
https://ark-fid.ch/es/services/family-office/,4,929,0.004305705059203444,8.289558665231432
https://ark-fid.ch/fr/services/family-office/,8,890,0.008988764044943821,36.891011235955055
https://ark-fid.ch/de/services/mergers-acquisitions/,3,873,0.003436426116838488,41.26231386025201
https://ark-fid.ch/en/services/incorporation/,0,842,0,33.07719714964371
https://ark-fid.ch/en/ressources/articles/cotisations-sociales-independants-pme-2026-suivi-calcul-erreurs-pieges-a-eviter-geneve-vaud/,0,711,0,6.621659634317862
https://ark-fid.ch/en/services/family-office/,7,663,0.010558069381598794,15.770739064856713
https://ark-fid.ch/en/ressources/articles/nouveautes-et-regles-concretes-cotisations-sociales-et-certificats-de-salaire-2026-pme-independants-suisse-romande/,0,644,0,7.03416149068323
https://ark-fid.ch/de/services/odoo/,2,585,0.003418803418803419,46.43589743589744
https://ark-fid.ch/fr/services/domiciliation/,2,583,0.003430531732418525,29.528301886792452
https://ark-fid.ch/en/services/taxes/,2,527,0.003795066413662239,58.65464895635674
https://ark-fid.ch/fr/ressources/articles/nouveautes-et-regles-concretes-cotisations-sociales-et-certificats-de-salaire-2026-pme-independants-suisse-romande,6,515,0.011650485436893204,8.617475728155341
https://ark-fid.ch/en/ressources/articles/reforme-fiscale-geneve-2025-impact-contribuables-pme/,2,512,0.00390625,7.63671875
https://ark-fid.ch/pt/ressources/articles/nouveautes-et-regles-concretes-cotisations-sociales-et-certificats-de-salaire-2026-pme-independants-suisse-romande/,3,499,0.006012024048096192,6.521042084168337
https://ark-fid.ch/fr/ressources/articles/nouveautes-et-regles-concretes-cotisations-sociales-et-certificats-de-salaire-2026-pme-independants-suisse-romande/,6,498,0.012048192771084338,9.433734939759036
https://ark-fid.ch/fr/ressources/articles/guide-cotisations-sociales-employeurs-suisse-2026/,4,497,0.008048289738430584,8.004024144869216
https://ark-fid.ch/fr/services/externalisation/,0,485,0,33.98144329896907
https://ark-fid.ch/en/ressources/articles/cotisations-sociales-independants-pme-2026-suivi-calcul-erreurs-pieges-a-eviter-geneve-vaud,1,458,0.002183406113537118,6.713973799126638
https://ark-fid.ch/en/ressources/articles/odoo-erp-pme-suisse-romande-integration-optimale-2025-conseils-solutions/,2,432,0.004629629629629629,10.909722222222221
https://ark-fid.ch/es/ressources/articles/nouveautes-et-regles-concretes-cotisations-sociales-et-certificats-de-salaire-2026-pme-independants-suisse-romande/,1,432,0.0023148148148148147,6.62962962962963
https://ark-fid.ch/en/services/accounting/,5,431,0.01160092807424594,16.419953596287705
https://ark-fid.ch/en/about/,2,420,0.004761904761904762,18.776190476190475
https://ark-fid.ch/fr/ressources/articles/optimiser-les-charges-sociales-en-suisse-romande-2026-erreurs-frequentes-pour-pme-independants/,1,413,0.002421307506053269,10.576271186440678
https://ark-fid.ch/en/services/domiciliation/,0,410,0,42.141463414634146
https://ark-fid.ch/fr/services/comptabilite/,0,410,0,43.21707317073171
https://ark-fid.ch/en/ressources/articles/optimisation-charges-sociales-suisse-romande-guide-independants-pme-2025,0,402,0,6.1940298507462686
https://www.ark-fid.ch/,14,384,0.036458333333333336,5.776041666666667
https://ark-fid.ch/fr/ressources/articles/odoo-18-paie-comptabilite-nouveautes-geneve-2025/,12,377,0.03183023872679045,8.214854111405835
https://ark-fid.ch/fr/ressources/articles/declarations-fiscales-independants-pme-erreurs-recurrentes-et-optimisations-geneve-vaud-2026-guide-pratique/,4,372,0.010752688172043012,13.013440860215054
https://ark-fid.ch/en/ressources/articles/baisse-impots-geneve-2025/,12,354,0.03389830508474576,5.576271186440678
https://ark-fid.ch/fr/team/hassan-barbir/,8,345,0.02318840579710145,7.614492753623188
https://ark-fid.ch/fr/about/,2,341,0.005865102639296188,34.604105571847505
https://ark-fid.ch/en/,10,330,0.030303030303030304,8.451515151515151
https://ark-fid.ch/fr/team/,7,298,0.02348993288590604,11.409395973154362
https://ark-fid.ch/fr/ressources/articles/optimiser-domiciliation-et-direction-pme-suisse-romande-2026-pieges-etapes-conseils-pratiques/,2,296,0.006756756756756757,36.76013513513514
https://ark-fid.ch/fr/services/fusions-acquisitions/,6,292,0.02054794520547945,15.825342465753424
https://ark-fid.ch/es/ressources/articles/creer-entreprise-suisse/,1,288,0.003472222222222222,6.586805555555555
https://ark-fid.ch/en/services/odoo/,0,283,0,21.48409893992933
https://ark-fid.ch/es/ressources/articles/fiscalite-cryptomonnaies-suisse-2025/,4,275,0.014545454545454545,5.28
https://ark-fid.ch/en/ressources/articles/erreurs-courantes-et-optimisations-legales-lors-du-changement-de-canton-pour-les-pme-et-independants-en-suisse-2025/,0,271,0,6.143911439114391
https://ark-fid.ch/en/ressources/articles/proces-verbal-assemblee-generale-obligations-redaction-suisse-2025/,1,268,0.0037313432835820895,6.007462686567164
https://ark-fid.ch/en/ressources/articles/optimiser-les-charges-sociales-en-suisse-romande-2026-erreurs-frequentes-pour-pme-independants/,0,267,0,7.880149812734082
https://ark-fid.ch/en/ressources/articles/swissdec-5-paie-geneve-obligations-2025/,0,254,0,6.200787401574803
https://ark-fid.ch/en/services/mergers-acquisitions/,9,248,0.036290322580645164,21.193548387096776
https://ark-fid.ch/en/ressources/,1,237,0.004219409282700422,25.645569620253166
https://ark-fid.ch/en/ressources/articles/optimiser-les-charges-sociales-en-suisse-romande-2026-erreurs-frequentes-pour-pme-independants,0,230,0,7
https://ark-fid.ch/en/services/payroll/,1,220,0.004545454545454545,14.895454545454545
https://ark-fid.ch/pt/ressources/articles/guide-cotisations-sociales-employeurs-suisse-2026/,2,219,0.0091324200913242,4.922374429223744
https://ark-fid.ch/fr/ressources/articles/optimiser-declaration-tva-suisse-2026-erreurs-courantes-et-guides-concrets-pme-independants,3,216,0.013888888888888888,9.24074074074074
https://ark-fid.ch/de/ressources/articles/nouveautes-et-regles-concretes-cotisations-sociales-et-certificats-de-salaire-2026-pme-independants-suisse-romande/,0,208,0,8.317307692307693
https://ark-fid.ch/fr/services/paie/,0,208,0,30.067307692307693
https://ark-fid.ch/fr/contact/,0,205,0,26.75609756097561
https://ark-fid.ch/en/ressources/articles/domiciliation-entreprise-geneve/,0,204,0,12
https://ark-fid.ch/de/services/outsourcing/,0,199,0,56.301507537688444
https://ark-fid.ch/fr/ressources/articles/cotisations-sociales-independants-pme-2026-suivi-calcul-erreurs-pieges-a-eviter-geneve-vaud/,1,193,0.0051813471502590676,12.072538860103627
https://ark-fid.ch/fr/services/,0,193,0,47.015544041450774
https://ark-fid.ch/en/ressources/articles/changement-lpp-geneve-2025-employeurs-independants/,1,189,0.005291005291005291,6.645502645502646
https://ark-fid.ch/fr/ressources/articles/swissdec-5-0-et-salaires-geneve-2025-points-cles/,5,185,0.02702702702702703,9.237837837837837
https://ark-fid.ch/fr/ressources/articles/reussir-l-externalisation-de-la-gestion-de-paie-en-suisse-romande-risques-et-garanties-2025/,0,183,0,32.26229508196721
https://ark-fid.ch/en/contact/,1,180,0.005555555555555556,31.805555555555557
https://ark-fid.ch/en/ressources/articles/optimiser-declaration-tva-suisse-2026-erreurs-courantes-et-guides-concrets-pme-independants/,0,176,0,8.761363636363637
https://ark-fid.ch/en/ressources/articles/fiscalite-cryptomonnaies-suisse-2025,2,170,0.011764705882352941,8.052941176470588
https://ark-fid.ch/de/services/accounting/,1,169,0.005917159763313609,9.34319526627219
https://ark-fid.ch/fr/ressources/articles/lpp-2025-reformes-nouvelles-obligations-et-impacts-pratiques-pour-les-entreprises-et-independants-geneve/,1,167,0.005988023952095809,6.610778443113772
https://ark-fid.ch/fr/services/constitution-entreprise/,0,167,0,59.2814371257485
https://ark-fid.ch/en/ressources/articles/gestion-et-optimisation-du-patrimoine-en-suisse-strategies-pme-hni-geneve-2025/,0,166,0,25.03012048192771
https://ark-fid.ch/es/ressources/articles/optimiser-declaration-tva-suisse-2026-erreurs-courantes-et-guides-concrets-pme-independants/,2,162,0.012345679012345678,8.104938271604938
https://ark-fid.ch/en/ressources/articles/declarations-fiscales-independants-pme-erreurs-recurrentes-et-optimisations-geneve-vaud-2026-guide-pratique/,0,159,0,8.050314465408805
https://ark-fid.ch/en/team/,4,158,0.02531645569620253,7.474683544303797
https://ark-fid.ch/fr/ressources/articles/externalisation-comptabilite-geneve-pme-avantages-etapes-solutions-2025/,0,157,0,24.426751592356688
https://ark-fid.ch/es/ressources/articles/optimiser-les-charges-sociales-en-suisse-romande-2026-erreurs-frequentes-pour-pme-independants/,0,156,0,5.628205128205129
https://ark-fid.ch/fr/ressources/articles/transmission-entreprise-geneve-succession-strategique-pme-famille-2025/,2,154,0.012987012987012988,11.227272727272727
https://ark-fid.ch/de/ressources/articles/proces-verbal-assemblee-generale-obligations-redaction-suisse-2025/,3,153,0.0196078431372549,7.869281045751634
https://ark-fid.ch/de/services/family-office/,4,152,0.02631578947368421,52.01973684210526
https://ark-fid.ch/de/team/,1,149,0.006711409395973154,16.845637583892618
https://ark-fid.ch/en/ressources/articles/gestion-paie-independants-pme-erreurs-courantes-optimisations-2026/,0,149,0,8.040268456375838
https://ark-fid.ch/fr/ressources/articles/reformer-l-externalisation-de-la-direction-financiere-pour-les-pme-a-geneve-en-2025/,0,149,0,36.77181208053691
https://ark-fid.ch/de/ressources/articles/domiciliation-entreprise-geneve/,1,148,0.006756756756756757,10.128378378378379
https://ark-fid.ch/fr/ressources/,2,140,0.014285714285714285,35.47142857142857
https://ark-fid.ch/fr/ressources/articles/constitution-societe-geneve-etapes-actualisees-2025-solutions-pme-independants/,0,140,0,35.714285714285715
https://ark-fid.ch/pt/ressources/articles/optimiser-declaration-tva-suisse-2026-erreurs-courantes-et-guides-concrets-pme-independants/,2,135,0.014814814814814815,5.792592592592593
https://ark-fid.ch/en/ressources/articles/externalisation-paie-geneve-2025-avantages-securite-pme/,1,134,0.007462686567164179,15.529850746268657
https://ark-fid.ch/assets/downloads/instructions-ifd-2025.pdf,0,130,0,7.438461538461539
https://ark-fid.ch/fr/ressources/articles/optimiser-les-charges-sociales-en-suisse-romande-2026-erreurs-frequentes-pour-pme-independants,0,128,0,5.9296875
https://ark-fid.ch/fr/ressources/articles/creer-entreprise-suisse/,0,125,0,26.56
https://ark-fid.ch/fr/ressources/articles/liquidation-societe-suisse/,4,124,0.03225806451612903,7.137096774193548
https://ark-fid.ch/pt/ressources/articles/creer-entreprise-suisse,1,124,0.008064516129032258,8.266129032258064
https://ark-fid.ch/de/ressources/articles/creer-entreprise-suisse/,0,122,0,8.098360655737704
